"","CHR","START","END","SPT5_T0_R2","SPT5_T0_R1","SPT5_T15_R2","SPT5_T15_R1"
"1","I",-24,376,72.2906320808157,67.5070472301833,14.8840197156707,14.2691219305743
"2","I",20745,21145,7.60954021903323,13.712368968631,12.2574280011406,13.3773018099134
"3","I",45251,45651,26.6333907666163,16.8767618075458,22.7637948592611,17.8364024132179
"4","I",68162,68562,39.3159577983384,51.6850830356091,35.0212228604016,31.2137042231314
"5","I",71068,71468,41.8524712046828,30.5891307761768,21.012733716241,16.944582292557
"6","I",138984,139384,11.4143103285498,13.712368968631,10.5063668581205,8.02638108594807
"7","I",141567,141967,24.0968773602719,28.4795355502336,14.0084891441607,14.2691219305743
"8","I",143488,143888,10.1460536253776,12.6575713556594,0.875530571510041,8.02638108594807
"9","I",166151,166551,24.0968773602719,12.6575713556594,3.50212228604016,9.81002132726986
"10","I",181013,181413,17.7555938444109,30.5891307761768,11.3818974296305,12.4854816892526
"11","I",190104,190504,44.3889846110272,29.5343331632052,25.3903865737912,29.4300639818096
"12","I",210851,211251,10.1460536253776,10.5479761297161,13.1329585726506,4.45910060330448
"13","I",229872,230272,48.1937547205438,35.8631188410349,12.2574280011406,6.24274084462628
"14","II",5730,6130,35.5111876888217,48.5206901966943,15.7595502871807,14.2691219305743
"15","II",28530,28930,7.60954021903323,8.43838090377292,11.3818974296305,9.81002132726986
"16","II",36328,36728,20.2921072507553,26.3699403242904,13.1329585726506,16.944582292557
"17","II",45161,45561,29.1699041729607,36.9179164540065,14.0084891441607,20.5118627752006
"18","II",60788,61188,17.7555938444109,16.8767618075458,18.3861420017109,8.02638108594807
"19","II",89435,89835,31.7064175793051,29.5343331632052,14.8840197156707,14.2691219305743
"20","II",116841,117241,16.4873371412387,15.8219641945742,15.7595502871807,13.3773018099134
"21","II",135883,136283,38.0477010951662,34.8083212280633,28.0169782883213,24.9709633785051
"22","II",140568,140968,24.0968773602719,24.2603450983471,28.0169782883213,22.2955030165224
"23","II",159760,160160,13.9508237348943,21.0959522594323,22.7637948592611,23.1873231371833
"24","II",164082,164482,19.0238505475831,17.9315594205175,17.5106114302008,19.6200426545397
"25","II",165047,165447,39.3159577983384,55.9042734874956,30.6435700028514,38.3482651884185
"26","II",168012,168412,30.4381608761329,41.137106905893,32.3946311458715,26.7546036198269
"27","II",193540,193940,19.0238505475831,20.0411546464607,23.6393254307711,29.4300639818096
"28","II",202613,203013,13.9508237348943,5.27398806485807,3.50212228604016,14.2691219305743
"29","II",235956,236356,13.9508237348943,10.5479761297161,7.00424457208033,6.24274084462628
"30","II",251220,251620,17.7555938444109,15.8219641945742,11.3818974296305,14.2691219305743
"31","II",255917,256317,12.6825670317221,25.3151427113188,12.2574280011406,8.02638108594807
"32","II",332394,332794,12.6825670317221,14.7671665816026,13.1329585726506,9.81002132726986
"33","II",341556,341956,12.6825670317221,20.0411546464607,14.0084891441607,16.0527621718961
"34","II",356506,356906,8.87779692220544,5.27398806485807,7.87977514359037,12.4854816892526
"35","II",370965,371365,12.6825670317221,12.6575713556594,21.888264287751,22.2955030165224
"36","II",375860,376260,13.9508237348943,22.1507498724039,28.8925088598314,36.5646249470968
"37","II",378714,379114,21.5603639539275,28.4795355502336,23.6393254307711,25.862783499166
"38","II",392361,392761,24.0968773602719,20.0411546464607,21.012733716241,28.5382438611487
"39","II",405876,406276,11.4143103285498,9.49317851674453,15.7595502871807,8.91820120660896
"40","II",408566,408966,13.9508237348943,25.3151427113188,24.5148560022811,29.4300639818096
"41","II",415307,415707,24.0968773602719,22.1507498724039,20.1372031447309,30.3218841024705
"42","II",419512,419912,6.34128351586103,3.16439283891484,25.3903865737912,24.0791432578442
"43","II",426752,427152,15.2190804380665,29.5343331632052,28.8925088598314,26.7546036198269
"44","II",452117,452517,17.7555938444109,14.7671665816026,12.2574280011406,16.0527621718961
"45","II",466204,466604,19.0238505475831,25.3151427113188,29.7680394313414,33.8891645851141
"46","II",477025,477425,21.5603639539275,29.5343331632052,19.2616725732209,20.5118627752006
"47","II",490554,490954,8.87779692220544,20.0411546464607,40.2744062894619,28.5382438611487
"48","II",504415,504815,8.87779692220544,14.7671665816026,14.0084891441607,11.5936615685917
"49","II",555374,555774,35.5111876888217,21.0959522594323,15.7595502871807,22.2955030165224
"50","II",564838,565238,16.4873371412387,15.8219641945742,12.2574280011406,13.3773018099134
"51","II",589188,589588,10.1460536253776,9.49317851674453,13.1329585726506,9.81002132726986
"52","II",595579,595979,8.87779692220544,17.9315594205175,33.2701617173816,23.1873231371833
"53","II",605804,606204,16.4873371412387,22.1507498724039,15.7595502871807,27.6464237404878
"54","II",614068,614468,16.4873371412387,25.3151427113188,21.012733716241,26.7546036198269
"55","II",624902,625302,25.3651340634441,25.3151427113188,28.8925088598314,18.7282225338788
"56","II",628481,628881,13.9508237348943,12.6575713556594,27.1414477168113,19.6200426545397
"57","II",642633,643033,10.1460536253776,15.8219641945742,8.75530571510041,15.1609420512352
"58","II",680161,680561,16.4873371412387,16.8767618075458,20.1372031447309,23.1873231371833
"59","II",697440,697840,22.8286206570997,17.9315594205175,13.1329585726506,16.944582292557
"60","II",770561,770961,15.2190804380665,9.49317851674453,18.3861420017109,16.944582292557
"61","III",271,671,65.9493485649547,42.1919045188646,14.8840197156707,24.0791432578442
"62","III",48239,48639,6.34128351586103,8.43838090377292,9.63083628661045,5.35092072396538
"63","III",50375,50775,26.6333907666163,21.0959522594323,24.5148560022811,27.6464237404878
"64","III",68447,68847,25.3651340634441,26.3699403242904,6.12871400057029,8.91820120660896
"65","III",78179,78579,26.6333907666163,32.6987260021201,28.8925088598314,36.5646249470968
"66","III",123107,123507,20.2921072507553,11.6027737426878,16.6350808586908,6.24274084462628
"67","III",127651,128051,15.2190804380665,9.49317851674453,9.63083628661045,7.13456096528717
"68","III",137153,137553,39.3159577983384,41.137106905893,32.3946311458715,33.8891645851141
"69","III",163497,163897,29.1699041729607,22.1507498724039,21.888264287751,15.1609420512352
"70","III",178221,178621,27.9016474697885,22.1507498724039,16.6350808586908,10.7018414479308
"71","III",225165,225565,16.4873371412387,9.49317851674453,11.3818974296305,10.7018414479308
"72","III",227717,228117,7.60954021903323,17.9315594205175,14.8840197156707,8.02638108594807
"73","III",228533,228933,20.2921072507553,24.2603450983471,17.5106114302008,10.7018414479308
"74","III",236380,236780,16.4873371412387,13.712368968631,12.2574280011406,12.4854816892526
"75","III",246583,246983,11.4143103285498,12.6575713556594,7.87977514359037,12.4854816892526
"76","III",316121,316521,46.9254980173716,33.7535236150917,13.1329585726506,16.0527621718961
"77","IV",16,416,36.779444391994,22.1507498724039,9.63083628661045,11.5936615685917
"78","IV",20062,20462,11.4143103285498,17.9315594205175,2.62659171453012,13.3773018099134
"79","IV",62156,62556,6.34128351586103,8.43838090377292,27.1414477168113,42.807365791723
"80","IV",76793,77193,6.34128351586103,11.6027737426878,24.5148560022811,23.1873231371833
"81","IV",130511,130911,20.2921072507553,14.7671665816026,16.6350808586908,12.4854816892526
"82","IV",132747,133147,15.2190804380665,17.9315594205175,22.7637948592611,24.9709633785051
"83","IV",215692,216092,25.3651340634441,23.2055474853755,9.63083628661045,8.91820120660896
"84","IV",217180,217580,17.7555938444109,13.712368968631,20.1372031447309,14.2691219305743
"85","IV",221844,222244,19.0238505475831,11.6027737426878,14.0084891441607,10.7018414479308
"86","IV",234133,234533,11.4143103285498,16.8767618075458,17.5106114302008,17.8364024132179
"87","IV",239800,240200,11.4143103285498,13.712368968631,22.7637948592611,19.6200426545397
"88","IV",302707,303107,7.60954021903323,5.27398806485807,13.1329585726506,14.2691219305743
"89","IV",307804,308204,38.0477010951662,28.4795355502336,26.2659171453012,18.7282225338788
"90","IV",321783,322183,25.3651340634441,31.6439283891484,19.2616725732209,29.4300639818096
"91","IV",330544,330944,21.5603639539275,18.9863570334891,20.1372031447309,23.1873231371833
"92","IV",357126,357526,29.1699041729607,23.2055474853755,16.6350808586908,13.3773018099134
"93","IV",366122,366522,12.6825670317221,10.5479761297161,14.0084891441607,13.3773018099134
"94","IV",368920,369320,26.6333907666163,26.3699403242904,14.8840197156707,24.0791432578442
"95","IV",385986,386386,16.4873371412387,12.6575713556594,12.2574280011406,7.13456096528717
"96","IV",407408,407808,6.34128351586103,8.43838090377292,13.1329585726506,13.3773018099134
"97","IV",411074,411474,36.779444391994,37.9727140669781,39.3988757179518,53.5092072396538
"98","IV",465055,465455,22.8286206570997,30.5891307761768,24.5148560022811,31.2137042231314
"99","IV",485398,485798,1.26825670317221,11.6027737426878,4.37765285755021,8.91820120660896
"100","IV",488440,488840,13.9508237348943,9.49317851674453,8.75530571510041,10.7018414479308
"101","IV",491085,491485,6.34128351586103,13.712368968631,17.5106114302008,23.1873231371833
"102","IV",507215,507615,17.7555938444109,9.49317851674453,10.5063668581205,11.5936615685917
"103","IV",524750,525150,8.87779692220544,13.712368968631,11.3818974296305,9.81002132726986
"104","IV",538916,539316,20.2921072507553,25.3151427113188,35.8967534319117,46.3746462743666
"105","IV",541828,542228,5.07302681268882,21.0959522594323,15.7595502871807,8.91820120660896
"106","IV",545937,546337,7.60954021903323,17.9315594205175,20.1372031447309,12.4854816892526
"107","IV",550923,551323,30.4381608761329,40.0823092929214,28.8925088598314,42.807365791723
"108","IV",556544,556944,27.9016474697885,17.9315594205175,21.012733716241,17.8364024132179
"109","IV",591840,592240,38.0477010951662,27.424737937262,28.8925088598314,28.5382438611487
"110","IV",593305,593705,3.80477010951662,6.32878567782969,32.3946311458715,33.8891645851141
"111","IV",599908,600308,36.779444391994,32.6987260021201,45.5275897185221,38.3482651884185
"112","IV",636054,636454,13.9508237348943,6.32878567782969,25.3903865737912,41.9155456710621
"113","IV",721701,722101,20.2921072507553,21.0959522594323,20.1372031447309,31.2137042231314
"114","IV",769088,769488,29.1699041729607,26.3699403242904,27.1414477168113,23.1873231371833
"115","IV",806165,806565,6.34128351586103,4.21919045188646,19.2616725732209,20.5118627752006
"116","IV",811733,812133,16.4873371412387,25.3151427113188,15.7595502871807,15.1609420512352
"117","IV",835982,836382,17.7555938444109,30.5891307761768,24.5148560022811,16.0527621718961
"118","IV",867659,868059,8.87779692220544,11.6027737426878,14.0084891441607,16.0527621718961
"119","IV",884314,884714,12.6825670317221,11.6027737426878,1.75106114302008,7.13456096528717
"120","IV",894042,894442,10.1460536253776,10.5479761297161,18.3861420017109,27.6464237404878
"121","IV",909386,909786,11.4143103285498,17.9315594205175,14.8840197156707,14.2691219305743
"122","IV",914755,915155,8.87779692220544,15.8219641945742,14.0084891441607,8.91820120660896
"123","IV",930400,930800,26.6333907666163,18.9863570334891,24.5148560022811,16.944582292557
"124","IV",955143,955543,2.53651340634441,10.5479761297161,30.6435700028514,22.2955030165224
"125","IV",976239,976639,22.8286206570997,18.9863570334891,17.5106114302008,21.4036828958615
"126","IV",1011480,1011880,31.7064175793051,30.5891307761768,17.5106114302008,25.862783499166
"127","IV",1013694,1014094,10.1460536253776,24.2603450983471,16.6350808586908,16.944582292557
"128","IV",1015966,1016366,7.60954021903323,7.3835832908013,21.888264287751,14.2691219305743
"129","IV",1055860,1056260,11.4143103285498,21.0959522594323,10.5063668581205,16.0527621718961
"130","IV",1080368,1080768,21.5603639539275,14.7671665816026,14.8840197156707,21.4036828958615
"131","IV",1087108,1087508,2.53651340634441,6.32878567782969,13.1329585726506,8.91820120660896
"132","IV",1150572,1150972,11.4143103285498,12.6575713556594,3.50212228604016,9.81002132726986
"133","IV",1156161,1156561,5.07302681268882,8.43838090377292,12.2574280011406,11.5936615685917
"134","IV",1161610,1162010,5.07302681268882,10.5479761297161,13.1329585726506,21.4036828958615
"135","IV",1164858,1165258,31.7064175793051,33.7535236150917,22.7637948592611,30.3218841024705
"136","IV",1182954,1183354,6.34128351586103,8.43838090377292,7.87977514359037,9.81002132726986
"137","IV",1195081,1195481,6.34128351586103,12.6575713556594,15.7595502871807,11.5936615685917
"138","IV",1233686,1234086,3.80477010951662,9.49317851674453,15.7595502871807,16.0527621718961
"139","IV",1242555,1242955,21.5603639539275,26.3699403242904,22.7637948592611,27.6464237404878
"140","IV",1266824,1267224,10.1460536253776,11.6027737426878,13.1329585726506,13.3773018099134
"141","IV",1278944,1279344,7.60954021903323,9.49317851674453,7.00424457208033,10.7018414479308
"142","IV",1289030,1289430,3.80477010951662,8.43838090377292,11.3818974296305,13.3773018099134
"143","IV",1301220,1301620,17.7555938444109,27.424737937262,8.75530571510041,21.4036828958615
"144","IV",1345280,1345680,7.60954021903323,12.6575713556594,18.3861420017109,21.4036828958615
"145","IV",1355568,1355968,20.2921072507553,28.4795355502336,18.3861420017109,10.7018414479308
"146","IV",1359513,1359913,25.3651340634441,26.3699403242904,14.8840197156707,16.944582292557
"147","IV",1362319,1362719,13.9508237348943,13.712368968631,21.888264287751,20.5118627752006
"148","IV",1401335,1401735,26.6333907666163,25.3151427113188,21.888264287751,13.3773018099134
"149","IV",1429086,1429486,22.8286206570997,34.8083212280633,31.5191005743615,34.780984705775
"150","IV",1434350,1434750,5.07302681268882,12.6575713556594,13.1329585726506,11.5936615685917
"151","IV",1450801,1451201,11.4143103285498,16.8767618075458,9.63083628661045,10.7018414479308
"152","IV",1459413,1459813,7.60954021903323,11.6027737426878,19.2616725732209,8.91820120660896
"153","IV",1468716,1469116,35.5111876888217,41.137106905893,23.6393254307711,36.5646249470968
"154","IV",1490148,1490548,44.3889846110272,44.3014997448078,26.2659171453012,35.6728048264359
"155","IV",1493226,1493626,21.5603639539275,14.7671665816026,11.3818974296305,2.67546036198269
"156","IV",1507164,1507564,12.6825670317221,15.8219641945742,35.8967534319117,50.8337468776711
"157","IV",1525003,1525403,50.7302681268882,56.9590711004672,13.1329585726506,14.2691219305743
"158","IX",68272,68672,22.8286206570997,44.3014997448078,29.7680394313414,23.1873231371833
"159","IX",77468,77868,6.34128351586103,3.16439283891484,7.87977514359037,11.5936615685917
"160","IX",84718,85118,6.34128351586103,6.32878567782969,10.5063668581205,5.35092072396538
"161","IX",99526,99926,35.5111876888217,35.8631188410349,26.2659171453012,35.6728048264359
"162","IX",138977,139377,27.9016474697885,23.2055474853755,28.8925088598314,12.4854816892526
"163","IX",169657,170057,6.34128351586103,5.27398806485807,21.012733716241,20.5118627752006
"164","IX",177503,177903,21.5603639539275,14.7671665816026,21.888264287751,31.2137042231314
"165","IX",197538,197938,8.87779692220544,14.7671665816026,14.8840197156707,14.2691219305743
"166","IX",232465,232865,43.120727907855,29.5343331632052,23.6393254307711,29.4300639818096
"167","IX",248977,249377,44.3889846110272,55.9042734874956,31.5191005743615,39.2400853090794
"168","IX",254213,254613,63.4128351586103,51.6850830356091,35.0212228604016,45.4828261537057
"169","IX",257129,257529,26.6333907666163,29.5343331632052,18.3861420017109,17.8364024132179
"170","IX",258268,258668,15.2190804380665,21.0959522594323,14.8840197156707,15.1609420512352
"171","IX",267858,268258,15.2190804380665,17.9315594205175,15.7595502871807,19.6200426545397
"172","IX",316230,316630,22.8286206570997,23.2055474853755,16.6350808586908,19.6200426545397
"173","IX",332914,333314,24.0968773602719,25.3151427113188,28.0169782883213,27.6464237404878
"174","IX",336072,336472,11.4143103285498,18.9863570334891,7.00424457208033,8.91820120660896
"175","IX",338608,339008,26.6333907666163,12.6575713556594,7.00424457208033,3.56728048264359
"176","IX",382189,382589,27.9016474697885,18.9863570334891,25.3903865737912,30.3218841024705
"177","IX",384175,384575,31.7064175793051,20.0411546464607,13.1329585726506,24.0791432578442
"178","IX",386475,386875,22.8286206570997,29.5343331632052,17.5106114302008,29.4300639818096
"179","IX",388629,389029,12.6825670317221,10.5479761297161,5.25318342906025,12.4854816892526
"180","IX",439483,439883,90.0462259252266,56.9590711004672,26.2659171453012,18.7282225338788
"181","MT",15455,15855,34.2429309856495,24.2603450983471,2.62659171453012,0.891820120660896
"182","MT",36613,37013,27.9016474697885,17.9315594205175,2.62659171453012,2.67546036198269
"183","MT",43320,43720,13.9508237348943,13.712368968631,2.62659171453012,3.56728048264359
"184","MT",79570,79970,46.9254980173716,39.0275116799497,11.3818974296305,8.91820120660896
"185","V",6118,6518,25.3651340634441,37.9727140669781,14.0084891441607,12.4854816892526
"186","V",13198,13598,5.07302681268882,8.43838090377292,7.00424457208033,14.2691219305743
"187","V",41979,42379,21.5603639539275,16.8767618075458,27.1414477168113,24.0791432578442
"188","V",53331,53731,46.9254980173716,34.8083212280633,18.3861420017109,32.1055243437923
"189","V",69163,69563,79.9001722998489,55.9042734874956,34.1456922888916,32.1055243437923
"190","V",80053,80453,5.07302681268882,6.32878567782969,13.1329585726506,19.6200426545397
"191","V",85045,85445,51.9985248300604,70.6714400690982,32.3946311458715,40.1319054297403
"192","V",86323,86723,11.4143103285498,13.712368968631,9.63083628661045,7.13456096528717
"193","V",117732,118132,38.0477010951662,35.8631188410349,37.6478145749318,48.1582865156884
"194","V",123153,123553,27.9016474697885,35.8631188410349,35.8967534319117,28.5382438611487
"195","V",140624,141024,73.5588887839879,53.7946782615524,28.8925088598314,25.862783499166
"196","V",152738,153138,25.3651340634441,13.712368968631,11.3818974296305,15.1609420512352
"197","V",174651,175051,10.1460536253776,17.9315594205175,24.5148560022811,22.2955030165224
"198","V",191974,192374,29.1699041729607,34.8083212280633,34.1456922888916,40.1319054297403
"199","V",194764,195164,6.34128351586103,14.7671665816026,15.7595502871807,12.4854816892526
"200","V",211954,212354,13.9508237348943,12.6575713556594,21.888264287751,8.91820120660896
"201","V",222214,222614,22.8286206570997,25.3151427113188,28.0169782883213,32.9973444644532
"202","V",225360,225760,8.87779692220544,15.8219641945742,9.63083628661045,13.3773018099134
"203","V",242054,242454,17.7555938444109,27.424737937262,21.888264287751,13.3773018099134
"204","V",261484,261884,5.07302681268882,6.32878567782969,23.6393254307711,21.4036828958615
"205","V",264235,264635,2.53651340634441,2.10959522594323,15.7595502871807,16.944582292557
"206","V",268400,268800,27.9016474697885,25.3151427113188,24.5148560022811,16.944582292557
"207","V",270190,270590,30.4381608761329,16.8767618075458,11.3818974296305,16.0527621718961
"208","V",279293,279693,0,3.16439283891484,8.75530571510041,16.944582292557
"209","V",280924,281324,21.5603639539275,34.8083212280633,35.0212228604016,38.3482651884185
"210","V",284530,284930,31.7064175793051,42.1919045188646,29.7680394313414,32.9973444644532
"211","V",295076,295476,8.87779692220544,13.712368968631,15.7595502871807,16.0527621718961
"212","V",303425,303825,40.5842145015106,16.8767618075458,21.012733716241,31.2137042231314
"213","V",305871,306271,8.87779692220544,21.0959522594323,18.3861420017109,23.1873231371833
"214","V",311386,311786,15.2190804380665,22.1507498724039,28.0169782883213,28.5382438611487
"215","V",335423,335823,32.9746742824773,34.8083212280633,35.8967534319117,42.807365791723
"216","V",342802,343202,7.60954021903323,7.3835832908013,7.87977514359037,4.45910060330448
"217","V",349577,349977,12.6825670317221,11.6027737426878,20.1372031447309,21.4036828958615
"218","V",354864,355264,35.5111876888217,25.3151427113188,30.6435700028514,32.1055243437923
"219","V",362247,362647,26.6333907666163,15.8219641945742,20.1372031447309,14.2691219305743
"220","V",396324,396724,41.8524712046828,33.7535236150917,26.2659171453012,24.9709633785051
"221","V",409225,409625,13.9508237348943,11.6027737426878,6.12871400057029,2.67546036198269
"222","V",423036,423436,25.3651340634441,17.9315594205175,14.8840197156707,16.944582292557
"223","V",431080,431480,17.7555938444109,16.8767618075458,15.7595502871807,8.02638108594807
"224","V",435497,435897,17.7555938444109,30.5891307761768,8.75530571510041,10.7018414479308
"225","V",439129,439529,13.9508237348943,22.1507498724039,13.1329585726506,10.7018414479308
"226","V",441981,442381,58.3398083459214,65.3974520042401,35.8967534319117,49.9419267570102
"227","V",461800,462200,24.0968773602719,29.5343331632052,22.7637948592611,29.4300639818096
"228","V",467839,468239,15.2190804380665,14.7671665816026,19.2616725732209,22.2955030165224
"229","V",474454,474854,6.34128351586103,12.6575713556594,9.63083628661045,12.4854816892526
"230","V",491049,491449,45.6572413141994,35.8631188410349,19.2616725732209,25.862783499166
"231","V",492128,492528,7.60954021903323,15.8219641945742,10.5063668581205,7.13456096528717
"232","V",545049,545449,19.0238505475831,20.0411546464607,14.0084891441607,19.6200426545397
"233","V",546460,546860,6.34128351586103,5.27398806485807,9.63083628661045,11.5936615685917
"234","V",570046,570446,65.9493485649547,64.3426543912685,35.8967534319117,28.5382438611487
"235","VI",4745,5145,90.0462259252266,59.0686663264104,24.5148560022811,30.3218841024705
"236","VI",27832,28232,1.26825670317221,10.5479761297161,7.87977514359037,9.81002132726986
"237","VI",54925,55325,19.0238505475831,14.7671665816026,13.1329585726506,8.91820120660896
"238","VI",74663,75063,7.60954021903323,15.8219641945742,17.5106114302008,11.5936615685917
"239","VI",82060,82460,16.4873371412387,20.0411546464607,9.63083628661045,19.6200426545397
"240","VI",90512,90912,22.8286206570997,25.3151427113188,14.0084891441607,20.5118627752006
"241","VI",95373,95773,31.7064175793051,42.1919045188646,18.3861420017109,25.862783499166
"242","VI",106633,107033,15.2190804380665,12.6575713556594,34.1456922888916,35.6728048264359
"243","VI",176620,177020,3.80477010951662,8.43838090377292,21.012733716241,29.4300639818096
"244","VI",182984,183384,34.2429309856495,32.6987260021201,26.2659171453012,32.1055243437923
"245","VI",204715,205115,10.1460536253776,15.8219641945742,7.87977514359037,9.81002132726986
"246","VI",221504,221904,51.9985248300604,43.2467021318362,26.2659171453012,25.862783499166
"247","VI",223778,224178,24.0968773602719,9.49317851674453,18.3861420017109,15.1609420512352
"248","VI",225049,225449,69.7541186744713,74.8906305209846,33.2701617173816,59.7519480842801
"249","VI",251828,252228,6.34128351586103,13.712368968631,6.12871400057029,7.13456096528717
"250","VI",255496,255896,3.80477010951662,11.6027737426878,18.3861420017109,37.4564450677576
"251","VI",263109,263509,12.6825670317221,8.43838090377292,8.75530571510041,8.91820120660896
"252","VII",-53,347,57.0715516427492,42.1919045188646,13.1329585726506,21.4036828958615
"253","VII",23226,23626,25.3651340634441,26.3699403242904,23.6393254307711,31.2137042231314
"254","VII",67182,67582,8.87779692220544,21.0959522594323,18.3861420017109,16.944582292557
"255","VII",94734,95134,10.1460536253776,6.32878567782969,14.8840197156707,15.1609420512352
"256","VII",110469,110869,15.2190804380665,20.0411546464607,11.3818974296305,7.13456096528717
"257","VII",115470,115870,15.2190804380665,14.7671665816026,9.63083628661045,7.13456096528717
"258","VII",122216,122616,12.6825670317221,17.9315594205175,14.8840197156707,14.2691219305743
"259","VII",148976,149376,22.8286206570997,30.5891307761768,17.5106114302008,22.2955030165224
"260","VII",165710,166110,11.4143103285498,10.5479761297161,26.2659171453012,19.6200426545397
"261","VII",197117,197517,11.4143103285498,26.3699403242904,19.2616725732209,26.7546036198269
"262","VII",206345,206745,7.60954021903323,13.712368968631,12.2574280011406,17.8364024132179
"263","VII",271723,272123,59.6080650490937,62.2330591653253,44.6520591470121,52.6173871189929
"264","VII",277084,277484,22.8286206570997,18.9863570334891,21.012733716241,16.0527621718961
"265","VII",366055,366455,19.0238505475831,7.3835832908013,10.5063668581205,3.56728048264359
"266","VII",368342,368742,10.1460536253776,12.6575713556594,12.2574280011406,6.24274084462628
"267","VII",371169,371569,32.9746742824773,20.0411546464607,17.5106114302008,16.0527621718961
"268","VII",384648,385048,32.9746742824773,36.9179164540065,43.7765285755021,52.6173871189929
"269","VII",397877,398277,39.3159577983384,52.7398806485807,33.2701617173816,28.5382438611487
"270","VII",413196,413596,32.9746742824773,32.6987260021201,24.5148560022811,33.8891645851141
"271","VII",423036,423436,15.2190804380665,25.3151427113188,16.6350808586908,16.944582292557
"272","VII",428018,428418,11.4143103285498,12.6575713556594,22.7637948592611,20.5118627752006
"273","VII",433215,433615,13.9508237348943,17.9315594205175,18.3861420017109,24.9709633785051
"274","VII",433731,434131,5.07302681268882,8.43838090377292,7.87977514359037,4.45910060330448
"275","VII",438436,438836,25.3651340634441,23.2055474853755,23.6393254307711,16.0527621718961
"276","VII",472429,472829,3.80477010951662,9.49317851674453,14.8840197156707,22.2955030165224
"277","VII",483472,483872,40.5842145015106,26.3699403242904,17.5106114302008,23.1873231371833
"278","VII",516242,516642,11.4143103285498,17.9315594205175,14.8840197156707,17.8364024132179
"279","VII",525560,525960,8.87779692220544,8.43838090377292,14.8840197156707,20.5118627752006
"280","VII",528533,528933,10.1460536253776,16.8767618075458,18.3861420017109,21.4036828958615
"281","VII",547307,547707,17.7555938444109,24.2603450983471,24.5148560022811,31.2137042231314
"282","VII",555390,555790,21.5603639539275,14.7671665816026,9.63083628661045,6.24274084462628
"283","VII",557596,557996,11.4143103285498,10.5479761297161,12.2574280011406,15.1609420512352
"284","VII",560079,560479,6.34128351586103,12.6575713556594,14.0084891441607,12.4854816892526
"285","VII",576534,576934,15.2190804380665,18.9863570334891,15.7595502871807,12.4854816892526
"286","VII",584208,584608,5.07302681268882,7.3835832908013,9.63083628661045,14.2691219305743
"287","VII",592542,592942,29.1699041729607,31.6439283891484,38.5233451464418,48.1582865156884
"288","VII",598856,599256,11.4143103285498,16.8767618075458,31.5191005743615,28.5382438611487
"289","VII",609874,610274,25.3651340634441,32.6987260021201,31.5191005743615,42.807365791723
"290","VII",625234,625634,10.1460536253776,28.4795355502336,17.5106114302008,45.4828261537057
"291","VII",650909,651309,19.0238505475831,21.0959522594323,23.6393254307711,22.2955030165224
"292","VII",654090,654490,11.4143103285498,11.6027737426878,24.5148560022811,39.2400853090794
"293","VII",677699,678099,6.34128351586103,13.712368968631,18.3861420017109,19.6200426545397
"294","VII",700649,701049,7.60954021903323,18.9863570334891,11.3818974296305,9.81002132726986
"295","VII",702623,703023,15.2190804380665,11.6027737426878,14.0084891441607,19.6200426545397
"296","VII",706806,707206,12.6825670317221,7.3835832908013,9.63083628661045,6.24274084462628
"297","VII",726512,726912,27.9016474697885,27.424737937262,16.6350808586908,25.862783499166
"298","VII",733193,733593,15.2190804380665,16.8767618075458,14.8840197156707,22.2955030165224
"299","VII",739089,739489,15.2190804380665,32.6987260021201,24.5148560022811,19.6200426545397
"300","VII",753922,754322,5.07302681268882,7.3835832908013,14.0084891441607,17.8364024132179
"301","VII",756482,756882,6.34128351586103,9.49317851674453,11.3818974296305,11.5936615685917
"302","VII",766137,766537,17.7555938444109,21.0959522594323,17.5106114302008,24.9709633785051
"303","VII",774263,774663,24.0968773602719,27.424737937262,22.7637948592611,28.5382438611487
"304","VII",785580,785980,24.0968773602719,28.4795355502336,29.7680394313414,31.2137042231314
"305","VII",788252,788652,24.0968773602719,32.6987260021201,25.3903865737912,16.944582292557
"306","VII",809731,810131,19.0238505475831,29.5343331632052,35.8967534319117,29.4300639818096
"307","VII",823448,823848,12.6825670317221,9.49317851674453,7.00424457208033,8.02638108594807
"308","VII",856660,857060,43.120727907855,39.0275116799497,35.0212228604016,41.9155456710621
"309","VII",884011,884411,44.3889846110272,41.137106905893,24.5148560022811,27.6464237404878
"310","VII",894232,894632,8.87779692220544,9.49317851674453,10.5063668581205,15.1609420512352
"311","VII",905409,905809,41.8524712046828,58.0138687134388,36.7722840034217,54.4010273603147
"312","VII",914801,915201,10.1460536253776,17.9315594205175,7.87977514359037,10.7018414479308
"313","VII",920061,920461,41.8524712046828,28.4795355502336,22.7637948592611,17.8364024132179
"314","VII",951312,951712,6.34128351586103,4.21919045188646,13.1329585726506,14.2691219305743
"315","VII",974467,974867,17.7555938444109,12.6575713556594,16.6350808586908,29.4300639818096
"316","VII",976821,977221,15.2190804380665,17.9315594205175,19.2616725732209,28.5382438611487
"317","VII",987203,987603,38.0477010951662,37.9727140669781,34.1456922888916,34.780984705775
"318","VII",993812,994212,6.34128351586103,3.16439283891484,9.63083628661045,11.5936615685917
"319","VII",1000152,1000552,48.1937547205438,31.6439283891484,34.1456922888916,33.8891645851141
"320","VII",1026752,1027152,11.4143103285498,20.0411546464607,10.5063668581205,13.3773018099134
"321","VII",1052241,1052641,13.9508237348943,10.5479761297161,9.63083628661045,10.7018414479308
"322","VII",1084062,1084462,62.1445784554381,53.7946782615524,17.5106114302008,24.9709633785051
"323","VIII",-105,295,43.120727907855,44.3014997448078,11.3818974296305,7.13456096528717
"324","VIII",4933,5333,25.3651340634441,15.8219641945742,7.87977514359037,21.4036828958615
"325","VIII",17411,17811,20.2921072507553,10.5479761297161,11.3818974296305,4.45910060330448
"326","VIII",48199,48599,46.9254980173716,24.2603450983471,29.7680394313414,31.2137042231314
"327","VIII",50597,50997,8.87779692220544,17.9315594205175,12.2574280011406,18.7282225338788
"328","VIII",54464,54864,7.60954021903323,17.9315594205175,7.87977514359037,12.4854816892526
"329","VIII",55548,55948,12.6825670317221,15.8219641945742,10.5063668581205,8.02638108594807
"330","VIII",98327,98727,32.9746742824773,33.7535236150917,21.012733716241,20.5118627752006
"331","VIII",122160,122560,53.2667815332326,33.7535236150917,22.7637948592611,41.0237255504012
"332","VIII",126078,126478,24.0968773602719,27.424737937262,17.5106114302008,27.6464237404878
"333","VIII",148720,149120,30.4381608761329,16.8767618075458,14.0084891441607,20.5118627752006
"334","VIII",150734,151134,10.1460536253776,8.43838090377292,26.2659171453012,18.7282225338788
"335","VIII",174963,175363,6.34128351586103,11.6027737426878,24.5148560022811,35.6728048264359
"336","VIII",190124,190524,15.2190804380665,13.712368968631,15.7595502871807,17.8364024132179
"337","VIII",236112,236512,35.5111876888217,34.8083212280633,37.6478145749318,44.5910060330448
"338","VIII",267126,267526,12.6825670317221,12.6575713556594,14.0084891441607,17.8364024132179
"339","VIII",280255,280655,11.4143103285498,8.43838090377292,33.2701617173816,36.5646249470968
"340","VIII",292923,293323,19.0238505475831,9.49317851674453,11.3818974296305,8.91820120660896
"341","VIII",296803,297203,16.4873371412387,23.2055474853755,9.63083628661045,26.7546036198269
"342","VIII",375127,375527,17.7555938444109,26.3699403242904,15.7595502871807,18.7282225338788
"343","VIII",382757,383157,30.4381608761329,31.6439283891484,20.1372031447309,22.2955030165224
"344","VIII",422408,422808,15.2190804380665,18.9863570334891,19.2616725732209,20.5118627752006
"345","VIII",450669,451069,32.9746742824773,30.5891307761768,24.5148560022811,24.0791432578442
"346","VIII",452400,452800,27.9016474697885,6.32878567782969,7.87977514359037,8.02638108594807
"347","VIII",455607,456007,11.4143103285498,11.6027737426878,13.1329585726506,19.6200426545397
"348","VIII",505583,505983,26.6333907666163,24.2603450983471,18.3861420017109,17.8364024132179
"349","VIII",556591,556991,67.2176052681269,48.5206901966943,21.888264287751,23.1873231371833
"350","X",36384,36784,11.4143103285498,11.6027737426878,17.5106114302008,21.4036828958615
"351","X",60419,60819,6.34128351586103,11.6027737426878,8.75530571510041,14.2691219305743
"352","X",75462,75862,29.1699041729607,20.0411546464607,14.8840197156707,25.862783499166
"353","X",90168,90568,32.9746742824773,40.0823092929214,21.012733716241,33.8891645851141
"354","X",115814,116214,13.9508237348943,16.8767618075458,9.63083628661045,16.0527621718961
"355","X",119805,120205,29.1699041729607,21.0959522594323,16.6350808586908,13.3773018099134
"356","X",123082,123482,19.0238505475831,15.8219641945742,26.2659171453012,16.0527621718961
"357","X",136549,136949,11.4143103285498,9.49317851674453,11.3818974296305,8.02638108594807
"358","X",157304,157704,29.1699041729607,18.9863570334891,13.1329585726506,23.1873231371833
"359","X",159936,160336,30.4381608761329,37.9727140669781,26.2659171453012,24.0791432578442
"360","X",195295,195695,30.4381608761329,17.9315594205175,14.8840197156707,20.5118627752006
"361","X",220194,220594,26.6333907666163,23.2055474853755,28.8925088598314,30.3218841024705
"362","X",223944,224344,20.2921072507553,10.5479761297161,10.5063668581205,19.6200426545397
"363","X",256778,257178,7.60954021903323,6.32878567782969,7.00424457208033,11.5936615685917
"364","X",268434,268834,7.60954021903323,7.3835832908013,20.1372031447309,14.2691219305743
"365","X",294462,294862,32.9746742824773,41.137106905893,31.5191005743615,38.3482651884185
"366","X",337637,338037,10.1460536253776,13.712368968631,15.7595502871807,17.8364024132179
"367","X",354136,354536,6.34128351586103,11.6027737426878,7.00424457208033,8.91820120660896
"368","X",355426,355826,11.4143103285498,11.6027737426878,14.8840197156707,14.2691219305743
"369","X",360746,361146,15.2190804380665,13.712368968631,19.2616725732209,25.862783499166
"370","X",378335,378735,10.1460536253776,12.6575713556594,5.25318342906025,15.1609420512352
"371","X",391840,392240,32.9746742824773,30.5891307761768,27.1414477168113,32.1055243437923
"372","X",424167,424567,21.5603639539275,18.9863570334891,16.6350808586908,12.4854816892526
"373","X",454857,455257,31.7064175793051,22.1507498724039,14.0084891441607,14.2691219305743
"374","X",525794,526194,19.0238505475831,15.8219641945742,18.3861420017109,10.7018414479308
"375","X",608956,609356,7.60954021903323,12.6575713556594,21.012733716241,10.7018414479308
"376","X",623071,623471,20.2921072507553,28.4795355502336,14.8840197156707,26.7546036198269
"377","X",639332,639732,22.8286206570997,34.8083212280633,21.888264287751,36.5646249470968
"378","X",646995,647395,26.6333907666163,26.3699403242904,20.1372031447309,19.6200426545397
"379","X",651446,651846,20.2921072507553,24.2603450983471,14.0084891441607,22.2955030165224
"380","X",662980,663380,32.9746742824773,39.0275116799497,36.7722840034217,43.6991859123839
"381","X",703137,703537,45.6572413141994,32.6987260021201,21.012733716241,24.0791432578442
"382","X",705202,705602,10.1460536253776,16.8767618075458,10.5063668581205,20.5118627752006
"383","X",745323,745723,41.8524712046828,37.9727140669781,11.3818974296305,13.3773018099134
"384","XI",-17,383,53.2667815332326,62.2330591653253,16.6350808586908,19.6200426545397
"385","XI",38138,38538,7.60954021903323,12.6575713556594,12.2574280011406,11.5936615685917
"386","XI",68023,68423,36.779444391994,33.7535236150917,26.2659171453012,28.5382438611487
"387","XI",70429,70829,6.34128351586103,10.5479761297161,6.12871400057029,9.81002132726986
"388","XI",80455,80855,12.6825670317221,12.6575713556594,12.2574280011406,8.02638108594807
"389","XI",93600,94000,17.7555938444109,16.8767618075458,17.5106114302008,14.2691219305743
"390","XI",99620,100020,45.6572413141994,41.137106905893,41.1499368609719,40.1319054297403
"391","XI",108829,109229,12.6825670317221,8.43838090377292,15.7595502871807,9.81002132726986
"392","XI",143166,143566,8.87779692220544,8.43838090377292,14.8840197156707,14.2691219305743
"393","XI",146793,147193,12.6825670317221,9.49317851674453,10.5063668581205,13.3773018099134
"394","XI",164566,164966,22.8286206570997,17.9315594205175,13.1329585726506,16.0527621718961
"395","XI",165933,166333,13.9508237348943,6.32878567782969,21.888264287751,21.4036828958615
"396","XI",171309,171709,10.1460536253776,15.8219641945742,8.75530571510041,12.4854816892526
"397","XI",173842,174242,5.07302681268882,3.16439283891484,7.87977514359037,6.24274084462628
"398","XI",202994,203394,15.2190804380665,15.8219641945742,14.0084891441607,14.2691219305743
"399","XI",216749,217149,7.60954021903323,16.8767618075458,20.1372031447309,23.1873231371833
"400","XI",219920,220320,12.6825670317221,15.8219641945742,7.00424457208033,4.45910060330448
"401","XI",231008,231408,17.7555938444109,22.1507498724039,12.2574280011406,16.944582292557
"402","XI",248172,248572,12.6825670317221,7.3835832908013,11.3818974296305,16.0527621718961
"403","XI",258581,258981,30.4381608761329,39.0275116799497,31.5191005743615,35.6728048264359
"404","XI",260556,260956,21.5603639539275,16.8767618075458,24.5148560022811,32.9973444644532
"405","XI",278245,278645,8.87779692220544,11.6027737426878,21.888264287751,16.944582292557
"406","XI",308688,309088,21.5603639539275,24.2603450983471,20.1372031447309,19.6200426545397
"407","XI",322387,322787,19.0238505475831,24.2603450983471,23.6393254307711,35.6728048264359
"408","XI",327724,328124,26.6333907666163,23.2055474853755,22.7637948592611,22.2955030165224
"409","XI",338995,339395,15.2190804380665,9.49317851674453,6.12871400057029,8.91820120660896
"410","XI",355462,355862,34.2429309856495,28.4795355502336,22.7637948592611,16.944582292557
"411","XI",362138,362538,5.07302681268882,7.3835832908013,11.3818974296305,13.3773018099134
"412","XI",369310,369710,3.80477010951662,5.27398806485807,28.8925088598314,30.3218841024705
"413","XI",381984,382384,22.8286206570997,20.0411546464607,34.1456922888916,32.1055243437923
"414","XI",382792,383192,7.60954021903323,17.9315594205175,7.87977514359037,15.1609420512352
"415","XI",385142,385542,20.2921072507553,20.0411546464607,16.6350808586908,24.9709633785051
"416","XI",431394,431794,34.2429309856495,16.8767618075458,20.1372031447309,21.4036828958615
"417","XI",439449,439849,12.6825670317221,12.6575713556594,13.1329585726506,7.13456096528717
"418","XI",463150,463550,19.0238505475831,13.712368968631,8.75530571510041,13.3773018099134
"419","XI",513878,514278,10.1460536253776,18.9863570334891,6.12871400057029,15.1609420512352
"420","XI",518627,519027,43.120727907855,36.9179164540065,19.2616725732209,23.1873231371833
"421","XI",533512,533912,2.53651340634441,10.5479761297161,8.75530571510041,13.3773018099134
"422","XI",567307,567707,6.34128351586103,11.6027737426878,5.25318342906025,10.7018414479308
"423","XI",581028,581428,10.1460536253776,25.3151427113188,8.75530571510041,14.2691219305743
"424","XI",589790,590190,7.60954021903323,22.1507498724039,17.5106114302008,12.4854816892526
"425","XI",614797,615197,21.5603639539275,28.4795355502336,28.8925088598314,34.780984705775
"426","XI",630400,630800,17.7555938444109,17.9315594205175,12.2574280011406,14.2691219305743
"427","XI",666309,666709,88.7779692220544,44.3014997448078,21.012733716241,22.2955030165224
"428","XII",-59,341,39.3159577983384,49.5754878096659,12.2574280011406,14.2691219305743
"429","XII",5539,5939,57.0715516427492,29.5343331632052,11.3818974296305,14.2691219305743
"430","XII",11123,11523,60.8763217522659,35.8631188410349,17.5106114302008,14.2691219305743
"431","XII",23098,23498,8.87779692220544,7.3835832908013,10.5063668581205,8.91820120660896
"432","XII",40379,40779,3.80477010951662,10.5479761297161,3.50212228604016,7.13456096528717
"433","XII",65237,65637,6.34128351586103,9.49317851674453,14.0084891441607,9.81002132726986
"434","XII",83976,84376,15.2190804380665,28.4795355502336,15.7595502871807,26.7546036198269
"435","XII",187309,187709,22.8286206570997,12.6575713556594,17.5106114302008,20.5118627752006
"436","XII",234361,234761,25.3651340634441,14.7671665816026,16.6350808586908,17.8364024132179
"437","XII",241843,242243,8.87779692220544,17.9315594205175,14.8840197156707,9.81002132726986
"438","XII",253277,253677,13.9508237348943,29.5343331632052,24.5148560022811,31.2137042231314
"439","XII",329292,329692,7.60954021903323,14.7671665816026,12.2574280011406,23.1873231371833
"440","XII",368230,368630,13.9508237348943,11.6027737426878,18.3861420017109,17.8364024132179
"441","XII",370672,371072,72.2906320808157,42.1919045188646,33.2701617173816,27.6464237404878
"442","XII",388604,389004,8.87779692220544,9.49317851674453,14.8840197156707,15.1609420512352
"443","XII",390516,390916,11.4143103285498,11.6027737426878,14.0084891441607,11.5936615685917
"444","XII",424017,424417,55.803294939577,59.0686663264104,40.2744062894619,33.8891645851141
"445","XII",444855,445255,8.87779692220544,9.49317851674453,10.5063668581205,9.81002132726986
"446","XII",450180,450580,21.5603639539275,4.21919045188646,11.3818974296305,3.56728048264359
"447","XII",460020,460420,2447.73543712236,1244.66118330651,1119.80360096134,1046.10500153523
"448","XII",489416,489816,36.779444391994,44.3014997448078,27.1414477168113,24.0791432578442
"449","XII",490508,490908,29.1699041729607,36.9179164540065,21.012733716241,19.6200426545397
"450","XII",522247,522647,27.9016474697885,20.0411546464607,24.5148560022811,19.6200426545397
"451","XII",553937,554337,11.4143103285498,10.5479761297161,14.0084891441607,11.5936615685917
"452","XII",585970,586370,3.80477010951662,8.43838090377292,11.3818974296305,9.81002132726986
"453","XII",605218,605618,10.1460536253776,16.8767618075458,10.5063668581205,10.7018414479308
"454","XII",611666,612066,11.4143103285498,14.7671665816026,7.87977514359037,15.1609420512352
"455","XII",636102,636502,10.1460536253776,5.27398806485807,10.5063668581205,6.24274084462628
"456","XII",645733,646133,15.2190804380665,20.0411546464607,28.0169782883213,27.6464237404878
"457","XII",650954,651354,7.60954021903323,6.32878567782969,8.75530571510041,9.81002132726986
"458","XII",658158,658558,32.9746742824773,24.2603450983471,35.8967534319117,22.2955030165224
"459","XII",660149,660549,7.60954021903323,7.3835832908013,18.3861420017109,23.1873231371833
"460","XII",664985,665385,8.87779692220544,18.9863570334891,11.3818974296305,10.7018414479308
"461","XII",704366,704766,24.0968773602719,32.6987260021201,28.8925088598314,47.2664663950275
"462","XII",723312,723712,21.5603639539275,25.3151427113188,10.5063668581205,14.2691219305743
"463","XII",728304,728704,34.2429309856495,32.6987260021201,30.6435700028514,35.6728048264359
"464","XII",737689,738089,13.9508237348943,8.43838090377292,17.5106114302008,15.1609420512352
"465","XII",758948,759348,7.60954021903323,22.1507498724039,30.6435700028514,25.862783499166
"466","XII",781410,781810,8.87779692220544,13.712368968631,17.5106114302008,10.7018414479308
"467","XII",783520,783920,5.07302681268882,25.3151427113188,21.012733716241,24.9709633785051
"468","XII",796316,796716,22.8286206570997,25.3151427113188,17.5106114302008,8.91820120660896
"469","XII",809010,809410,30.4381608761329,39.0275116799497,26.2659171453012,21.4036828958615
"470","XII",818792,819192,13.9508237348943,20.0411546464607,19.2616725732209,13.3773018099134
"471","XII",828205,828605,12.6825670317221,27.424737937262,15.7595502871807,24.9709633785051
"472","XII",830554,830954,8.87779692220544,11.6027737426878,1.75106114302008,8.02638108594807
"473","XII",837483,837883,19.0238505475831,11.6027737426878,6.12871400057029,9.81002132726986
"474","XII",839446,839846,27.9016474697885,23.2055474853755,15.7595502871807,13.3773018099134
"475","XII",871348,871748,5.07302681268882,7.3835832908013,13.1329585726506,17.8364024132179
"476","XII",875138,875538,15.2190804380665,25.3151427113188,9.63083628661045,12.4854816892526
"477","XII",877518,877918,24.0968773602719,15.8219641945742,24.5148560022811,21.4036828958615
"478","XII",921568,921968,24.0968773602719,28.4795355502336,20.1372031447309,28.5382438611487
"479","XII",924564,924964,40.5842145015106,35.8631188410349,16.6350808586908,23.1873231371833
"480","XII",932008,932408,35.5111876888217,32.6987260021201,19.2616725732209,27.6464237404878
"481","XII",950292,950692,11.4143103285498,10.5479761297161,17.5106114302008,13.3773018099134
"482","XII",954428,954828,6.34128351586103,12.6575713556594,22.7637948592611,27.6464237404878
"483","XII",1012070,1012470,21.5603639539275,24.2603450983471,12.2574280011406,24.9709633785051
"484","XII",1018893,1019293,15.2190804380665,14.7671665816026,12.2574280011406,7.13456096528717
"485","XII",1028379,1028779,51.9985248300604,50.6302854226375,23.6393254307711,35.6728048264359
"486","XII",1064857,1065257,93.8509960347432,63.2878567782969,32.3946311458715,32.9973444644532
"487","XII",1071439,1071839,31.7064175793051,26.3699403242904,21.012733716241,25.862783499166
"488","XIII",5371,5771,20.2921072507553,14.7671665816026,7.87977514359037,8.91820120660896
"489","XIII",26020,26420,43.120727907855,21.0959522594323,18.3861420017109,7.13456096528717
"490","XIII",67928,68328,10.1460536253776,12.6575713556594,9.63083628661045,13.3773018099134
"491","XIII",69718,70118,24.0968773602719,29.5343331632052,21.012733716241,29.4300639818096
"492","XIII",91690,92090,12.6825670317221,15.8219641945742,8.75530571510041,13.3773018099134
"493","XIII",101414,101814,10.1460536253776,13.712368968631,14.0084891441607,13.3773018099134
"494","XIII",104258,104658,8.87779692220544,12.6575713556594,7.00424457208033,9.81002132726986
"495","XIII",119146,119546,19.0238505475831,8.43838090377292,19.2616725732209,17.8364024132179
"496","XIII",124165,124565,21.5603639539275,17.9315594205175,15.7595502871807,12.4854816892526
"497","XIII",145964,146364,27.9016474697885,20.0411546464607,23.6393254307711,16.0527621718961
"498","XIII",158946,159346,8.87779692220544,17.9315594205175,11.3818974296305,14.2691219305743
"499","XIII",169872,170272,24.0968773602719,32.6987260021201,24.5148560022811,24.0791432578442
"500","XIII",192117,192517,3.80477010951662,4.21919045188646,7.87977514359037,8.91820120660896
"501","XIII",196058,196458,10.1460536253776,9.49317851674453,8.75530571510041,3.56728048264359
"502","XIII",219785,220185,7.60954021903323,9.49317851674453,13.1329585726506,11.5936615685917
"503","XIII",223847,224247,12.6825670317221,17.9315594205175,16.6350808586908,10.7018414479308
"504","XIII",225388,225788,20.2921072507553,24.2603450983471,27.1414477168113,18.7282225338788
"505","XIII",253253,253653,20.2921072507553,18.9863570334891,28.8925088598314,23.1873231371833
"506","XIII",258868,259268,3.80477010951662,14.7671665816026,7.87977514359037,9.81002132726986
"507","XIII",271819,272219,24.0968773602719,14.7671665816026,14.8840197156707,19.6200426545397
"508","XIII",282890,283290,6.34128351586103,11.6027737426878,20.1372031447309,32.1055243437923
"509","XIII",287411,287811,20.2921072507553,25.3151427113188,13.1329585726506,25.862783499166
"510","XIII",302693,303093,22.8286206570997,12.6575713556594,14.8840197156707,19.6200426545397
"511","XIII",306386,306786,40.5842145015106,33.7535236150917,21.012733716241,36.5646249470968
"512","XIII",347087,347487,13.9508237348943,23.2055474853755,29.7680394313414,29.4300639818096
"513","XIII",349766,350166,12.6825670317221,15.8219641945742,14.0084891441607,17.8364024132179
"514","XIII",353014,353414,30.4381608761329,27.424737937262,42.025467432482,35.6728048264359
"515","XIII",362809,363209,15.2190804380665,11.6027737426878,10.5063668581205,8.02638108594807
"516","XIII",388251,388651,27.9016474697885,26.3699403242904,28.8925088598314,24.9709633785051
"517","XIII",408247,408647,55.803294939577,44.3014997448078,46.4031202900322,47.2664663950275
"518","XIII",431596,431996,5.07302681268882,9.49317851674453,10.5063668581205,26.7546036198269
"519","XIII",434267,434667,27.9016474697885,23.2055474853755,15.7595502871807,19.6200426545397
"520","XIII",472778,473178,31.7064175793051,16.8767618075458,21.888264287751,20.5118627752006
"521","XIII",477749,478149,2.53651340634441,4.21919045188646,24.5148560022811,26.7546036198269
"522","XIII",510708,511108,27.9016474697885,24.2603450983471,38.5233451464418,25.862783499166
"523","XIII",540310,540710,29.1699041729607,35.8631188410349,31.5191005743615,49.0501066363493
"524","XIII",551202,551602,43.120727907855,46.4110949707511,25.3903865737912,25.862783499166
"525","XIII",556968,557368,39.3159577983384,23.2055474853755,22.7637948592611,33.8891645851141
"526","XIII",600944,601344,6.34128351586103,5.27398806485807,18.3861420017109,19.6200426545397
"527","XIII",625907,626307,8.87779692220544,5.27398806485807,8.75530571510041,9.81002132726986
"528","XIII",653254,653654,13.9508237348943,40.0823092929214,32.3946311458715,46.3746462743666
"529","XIII",661723,662123,12.6825670317221,27.424737937262,20.1372031447309,34.780984705775
"530","XIII",675048,675448,21.5603639539275,24.2603450983471,21.888264287751,20.5118627752006
"531","XIII",754214,754614,6.34128351586103,21.0959522594323,16.6350808586908,17.8364024132179
"532","XIII",758983,759383,26.6333907666163,31.6439283891484,18.3861420017109,20.5118627752006
"533","XIII",774071,774471,19.0238505475831,27.424737937262,45.5275897185221,46.3746462743666
"534","XIII",777333,777733,10.1460536253776,12.6575713556594,10.5063668581205,11.5936615685917
"535","XIII",797928,798328,19.0238505475831,24.2603450983471,19.2616725732209,24.0791432578442
"536","XIII",852008,852408,10.1460536253776,13.712368968631,14.8840197156707,26.7546036198269
"537","XIII",861060,861460,17.7555938444109,21.0959522594323,20.1372031447309,14.2691219305743
"538","XIII",872622,873022,10.1460536253776,11.6027737426878,15.7595502871807,13.3773018099134
"539","XIII",880481,880881,19.0238505475831,15.8219641945742,14.0084891441607,14.2691219305743
"540","XIII",886420,886820,7.60954021903323,17.9315594205175,13.1329585726506,12.4854816892526
"541","XIII",901272,901672,7.60954021903323,10.5479761297161,11.3818974296305,8.91820120660896
"542","XIII",915105,915505,39.3159577983384,26.3699403242904,15.7595502871807,22.2955030165224
"543","XIII",924009,924409,64.6810918617825,62.2330591653253,21.888264287751,18.7282225338788
"544","XIV",6541,6941,51.9985248300604,63.2878567782969,21.888264287751,23.1873231371833
"545","XIV",57595,57995,7.60954021903323,12.6575713556594,8.75530571510041,3.56728048264359
"546","XIV",59847,60247,3.80477010951662,10.5479761297161,12.2574280011406,17.8364024132179
"547","XIV",62999,63399,25.3651340634441,22.1507498724039,23.6393254307711,18.7282225338788
"548","XIV",68386,68786,11.4143103285498,11.6027737426878,14.0084891441607,9.81002132726986
"549","XIV",87270,87670,13.9508237348943,13.712368968631,14.0084891441607,16.0527621718961
"550","XIV",89230,89630,20.2921072507553,15.8219641945742,6.12871400057029,9.81002132726986
"551","XIV",96108,96508,7.60954021903323,17.9315594205175,7.00424457208033,12.4854816892526
"552","XIV",104648,105048,13.9508237348943,8.43838090377292,6.12871400057029,1.78364024132179
"553","XIV",107197,107597,7.60954021903323,14.7671665816026,10.5063668581205,13.3773018099134
"554","XIV",138009,138409,8.87779692220544,17.9315594205175,13.1329585726506,13.3773018099134
"555","XIV",198273,198673,21.5603639539275,23.2055474853755,25.3903865737912,21.4036828958615
"556","XIV",217277,217677,7.60954021903323,15.8219641945742,20.1372031447309,14.2691219305743
"557","XIV",274029,274429,1.26825670317221,2.10959522594323,9.63083628661045,18.7282225338788
"558","XIV",275935,276335,11.4143103285498,4.21919045188646,16.6350808586908,12.4854816892526
"559","XIV",281604,282004,17.7555938444109,27.424737937262,14.8840197156707,24.0791432578442
"560","XIV",301159,301559,6.34128351586103,14.7671665816026,14.8840197156707,14.2691219305743
"561","XIV",301868,302268,19.0238505475831,15.8219641945742,14.8840197156707,16.0527621718961
"562","XIV",330929,331329,24.0968773602719,28.4795355502336,23.6393254307711,24.0791432578442
"563","XIV",335750,336150,6.34128351586103,9.49317851674453,23.6393254307711,21.4036828958615
"564","XIV",349895,350295,26.6333907666163,48.5206901966943,49.9052425760723,32.1055243437923
"565","XIV",355354,355754,29.1699041729607,35.8631188410349,31.5191005743615,32.9973444644532
"566","XIV",374789,375189,16.4873371412387,21.0959522594323,9.63083628661045,8.02638108594807
"567","XIV",405650,406050,17.7555938444109,16.8767618075458,18.3861420017109,13.3773018099134
"568","XIV",427064,427464,31.7064175793051,26.3699403242904,32.3946311458715,35.6728048264359
"569","XIV",440887,441287,21.5603639539275,25.3151427113188,35.0212228604016,24.9709633785051
"570","XIV",479122,479522,17.7555938444109,14.7671665816026,8.75530571510041,8.91820120660896
"571","XIV",491133,491533,6.34128351586103,6.32878567782969,17.5106114302008,14.2691219305743
"572","XIV",495012,495412,26.6333907666163,18.9863570334891,19.2616725732209,23.1873231371833
"573","XIV",500574,500974,15.2190804380665,10.5479761297161,21.012733716241,14.2691219305743
"574","XIV",503070,503470,19.0238505475831,20.0411546464607,35.8967534319117,16.944582292557
"575","XIV",507322,507722,10.1460536253776,9.49317851674453,10.5063668581205,10.7018414479308
"576","XIV",559217,559617,30.4381608761329,37.9727140669781,33.2701617173816,34.780984705775
"577","XIV",568045,568445,16.4873371412387,13.712368968631,7.00424457208033,8.91820120660896
"578","XIV",569710,570110,20.2921072507553,21.0959522594323,15.7595502871807,10.7018414479308
"579","XIV",576184,576584,24.0968773602719,25.3151427113188,23.6393254307711,16.0527621718961
"580","XIV",578733,579133,3.80477010951662,9.49317851674453,11.3818974296305,13.3773018099134
"581","XIV",586726,587126,10.1460536253776,9.49317851674453,10.5063668581205,10.7018414479308
"582","XIV",651926,652326,13.9508237348943,17.9315594205175,30.6435700028514,27.6464237404878
"583","XIV",661881,662281,30.4381608761329,31.6439283891484,14.0084891441607,24.0791432578442
"584","XIV",663775,664175,30.4381608761329,26.3699403242904,22.7637948592611,19.6200426545397
"585","XIV",708164,708564,13.9508237348943,10.5479761297161,8.75530571510041,8.02638108594807
"586","XIV",739311,739711,17.7555938444109,13.712368968631,14.0084891441607,25.862783499166
"587","XIV",783666,784066,40.5842145015106,41.137106905893,13.1329585726506,15.1609420512352
"588","XV",10,410,74.8271454871601,62.2330591653253,24.5148560022811,20.5118627752006
"589","XV",27728,28128,21.5603639539275,18.9863570334891,7.87977514359037,5.35092072396538
"590","XV",55158,55558,8.87779692220544,15.8219641945742,21.012733716241,16.944582292557
"591","XV",69044,69444,12.6825670317221,17.9315594205175,15.7595502871807,11.5936615685917
"592","XV",79831,80231,15.2190804380665,27.424737937262,20.1372031447309,19.6200426545397
"593","XV",83145,83545,24.0968773602719,26.3699403242904,31.5191005743615,24.9709633785051
"594","XV",92883,93283,15.2190804380665,13.712368968631,21.012733716241,11.5936615685917
"595","XV",94416,94816,15.2190804380665,15.8219641945742,16.6350808586908,8.91820120660896
"596","XV",109432,109832,55.803294939577,74.8906305209846,48.1541814330523,57.0764877222974
"597","XV",117848,118248,16.4873371412387,6.32878567782969,10.5063668581205,13.3773018099134
"598","XV",128024,128424,12.6825670317221,15.8219641945742,8.75530571510041,13.3773018099134
"599","XV",161001,161401,38.0477010951662,47.4658925837227,21.888264287751,33.8891645851141
"600","XV",168091,168491,16.4873371412387,15.8219641945742,7.00424457208033,7.13456096528717
"601","XV",216309,216709,34.2429309856495,31.6439283891484,28.8925088598314,32.1055243437923
"602","XV",218692,219092,17.7555938444109,11.6027737426878,18.3861420017109,19.6200426545397
"603","XV",232026,232426,8.87779692220544,16.8767618075458,26.2659171453012,19.6200426545397
"604","XV",234416,234816,13.9508237348943,14.7671665816026,14.8840197156707,8.91820120660896
"605","XV",253757,254157,39.3159577983384,30.5891307761768,28.8925088598314,31.2137042231314
"606","XV",274409,274809,20.2921072507553,13.712368968631,15.7595502871807,19.6200426545397
"607","XV",285516,285916,13.9508237348943,9.49317851674453,20.1372031447309,16.944582292557
"608","XV",288226,288626,16.4873371412387,23.2055474853755,14.8840197156707,13.3773018099134
"609","XV",304506,304906,16.4873371412387,21.0959522594323,21.888264287751,32.1055243437923
"610","XV",316199,316599,17.7555938444109,28.4795355502336,17.5106114302008,15.1609420512352
"611","XV",377767,378167,13.9508237348943,11.6027737426878,21.888264287751,20.5118627752006
"612","XV",383066,383466,2.53651340634441,3.16439283891484,13.1329585726506,10.7018414479308
"613","XV",384919,385319,8.87779692220544,6.32878567782969,18.3861420017109,17.8364024132179
"614","XV",391529,391929,10.1460536253776,15.8219641945742,28.0169782883213,22.2955030165224
"615","XV",424138,424538,16.4873371412387,21.0959522594323,27.1414477168113,35.6728048264359
"616","XV",443702,444102,22.8286206570997,18.9863570334891,25.3903865737912,31.2137042231314
"617","XV",461577,461977,5.07302681268882,11.6027737426878,16.6350808586908,13.3773018099134
"618","XV",462320,462720,12.6825670317221,9.49317851674453,19.2616725732209,22.2955030165224
"619","XV",487325,487725,19.0238505475831,25.3151427113188,15.7595502871807,10.7018414479308
"620","XV",494370,494770,19.0238505475831,34.8083212280633,28.8925088598314,31.2137042231314
"621","XV",505289,505689,30.4381608761329,31.6439283891484,24.5148560022811,22.2955030165224
"622","XV",511297,511697,17.7555938444109,26.3699403242904,21.012733716241,25.862783499166
"623","XV",514643,515043,17.7555938444109,12.6575713556594,21.888264287751,20.5118627752006
"624","XV",520545,520945,17.7555938444109,16.8767618075458,14.0084891441607,30.3218841024705
"625","XV",606193,606593,6.34128351586103,10.5479761297161,16.6350808586908,10.7018414479308
"626","XV",619178,619578,20.2921072507553,49.5754878096659,29.7680394313414,35.6728048264359
"627","XV",638879,639279,16.4873371412387,29.5343331632052,33.2701617173816,44.5910060330448
"628","XV",670891,671291,16.4873371412387,22.1507498724039,28.0169782883213,29.4300639818096
"629","XV",678813,679213,13.9508237348943,16.8767618075458,16.6350808586908,24.0791432578442
"630","XV",742196,742596,26.6333907666163,17.9315594205175,15.7595502871807,18.7282225338788
"631","XV",762050,762450,22.8286206570997,18.9863570334891,19.2616725732209,26.7546036198269
"632","XV",770094,770494,16.4873371412387,27.424737937262,20.1372031447309,26.7546036198269
"633","XV",779468,779868,41.8524712046828,25.3151427113188,27.1414477168113,28.5382438611487
"634","XV",796897,797297,7.60954021903323,14.7671665816026,26.2659171453012,20.5118627752006
"635","XV",825522,825922,21.5603639539275,20.0411546464607,20.1372031447309,29.4300639818096
"636","XV",832128,832528,25.3651340634441,18.9863570334891,14.0084891441607,8.02638108594807
"637","XV",836638,837038,22.8286206570997,30.5891307761768,28.0169782883213,24.9709633785051
"638","XV",866656,867056,41.8524712046828,32.6987260021201,22.7637948592611,22.2955030165224
"639","XV",877712,878112,17.7555938444109,29.5343331632052,14.8840197156707,18.7282225338788
"640","XV",880575,880975,2.53651340634441,10.5479761297161,9.63083628661045,2.67546036198269
"641","XV",882032,882432,32.9746742824773,33.7535236150917,34.1456922888916,30.3218841024705
"642","XV",901244,901644,26.6333907666163,17.9315594205175,16.6350808586908,17.8364024132179
"643","XV",903958,904358,29.1699041729607,27.424737937262,15.7595502871807,14.2691219305743
"644","XV",908653,909053,25.3651340634441,31.6439283891484,28.0169782883213,41.0237255504012
"645","XV",911869,912269,26.6333907666163,30.5891307761768,22.7637948592611,18.7282225338788
"646","XV",931177,931577,13.9508237348943,10.5479761297161,18.3861420017109,21.4036828958615
"647","XV",949267,949667,3.80477010951662,9.49317851674453,4.37765285755021,8.91820120660896
"648","XV",968059,968459,15.2190804380665,15.8219641945742,19.2616725732209,27.6464237404878
"649","XV",978640,979040,58.3398083459214,64.3426543912685,52.5318342906025,65.9946889289063
"650","XV",988263,988663,34.2429309856495,48.5206901966943,30.6435700028514,35.6728048264359
"651","XV",1009671,1010071,7.60954021903323,7.3835832908013,14.0084891441607,14.2691219305743
"652","XV",1018765,1019165,6.34128351586103,3.16439283891484,6.12871400057029,11.5936615685917
"653","XV",1043215,1043615,17.7555938444109,26.3699403242904,17.5106114302008,11.5936615685917
"654","XVI",6620,7020,10.1460536253776,7.3835832908013,4.37765285755021,5.35092072396538
"655","XVI",40279,40679,25.3651340634441,29.5343331632052,22.7637948592611,35.6728048264359
"656","XVI",55928,56328,27.9016474697885,16.8767618075458,17.5106114302008,12.4854816892526
"657","XVI",66993,67393,15.2190804380665,13.712368968631,14.0084891441607,17.8364024132179
"658","XVI",75057,75457,46.9254980173716,47.4658925837227,22.7637948592611,28.5382438611487
"659","XVI",76259,76659,27.9016474697885,29.5343331632052,25.3903865737912,19.6200426545397
"660","XVI",99063,99463,3.80477010951662,13.712368968631,11.3818974296305,5.35092072396538
"661","XVI",106732,107132,10.1460536253776,14.7671665816026,12.2574280011406,12.4854816892526
"662","XVI",114420,114820,15.2190804380665,13.712368968631,38.5233451464418,31.2137042231314
"663","XVI",129746,130146,0,3.16439283891484,15.7595502871807,14.2691219305743
"664","XVI",132246,132646,16.4873371412387,15.8219641945742,22.7637948592611,26.7546036198269
"665","XVI",188607,189007,11.4143103285498,14.7671665816026,13.1329585726506,8.91820120660896
"666","XVI",214565,214965,63.4128351586103,45.3562973577794,43.7765285755021,54.4010273603147
"667","XVI",227770,228170,15.2190804380665,16.8767618075458,14.0084891441607,14.2691219305743
"668","XVI",257020,257420,8.87779692220544,20.0411546464607,14.0084891441607,16.0527621718961
"669","XVI",279986,280386,3.80477010951662,18.9863570334891,15.7595502871807,11.5936615685917
"670","XVI",281662,282062,20.2921072507553,30.5891307761768,22.7637948592611,24.9709633785051
"671","XVI",297023,297423,16.4873371412387,23.2055474853755,21.012733716241,20.5118627752006
"672","XVI",339408,339808,24.0968773602719,31.6439283891484,24.5148560022811,37.4564450677576
"673","XVI",340556,340956,11.4143103285498,15.8219641945742,21.012733716241,16.0527621718961
"674","XVI",378436,378836,20.2921072507553,22.1507498724039,11.3818974296305,22.2955030165224
"675","XVI",404209,404609,13.9508237348943,16.8767618075458,16.6350808586908,14.2691219305743
"676","XVI",406235,406635,25.3651340634441,25.3151427113188,19.2616725732209,16.944582292557
"677","XVI",411871,412271,11.4143103285498,9.49317851674453,8.75530571510041,8.91820120660896
"678","XVI",425283,425683,40.5842145015106,45.3562973577794,36.7722840034217,41.9155456710621
"679","XVI",431815,432215,32.9746742824773,37.9727140669781,43.7765285755021,46.3746462743666
"680","XVI",450745,451145,15.2190804380665,14.7671665816026,19.2616725732209,24.0791432578442
"681","XVI",453352,453752,11.4143103285498,24.2603450983471,26.2659171453012,20.5118627752006
"682","XVI",497696,498096,12.6825670317221,6.32878567782969,20.1372031447309,16.944582292557
"683","XVI",502565,502965,21.5603639539275,34.8083212280633,39.3988757179518,36.5646249470968
"684","XVI",520235,520635,12.6825670317221,17.9315594205175,15.7595502871807,20.5118627752006
"685","XVI",526828,527228,10.1460536253776,6.32878567782969,21.012733716241,26.7546036198269
"686","XVI",551776,552176,5.07302681268882,2.10959522594323,14.0084891441607,16.0527621718961
"687","XVI",581956,582356,17.7555938444109,10.5479761297161,10.5063668581205,5.35092072396538
"688","XVI",586086,586486,25.3651340634441,18.9863570334891,10.5063668581205,10.7018414479308
"689","XVI",587168,587568,6.34128351586103,11.6027737426878,17.5106114302008,18.7282225338788
"690","XVI",641241,641641,36.779444391994,37.9727140669781,40.2744062894619,44.5910060330448
"691","XVI",645293,645693,20.2921072507553,41.137106905893,32.3946311458715,47.2664663950275
"692","XVI",653767,654167,8.87779692220544,21.0959522594323,13.1329585726506,16.0527621718961
"693","XVI",678881,679281,29.1699041729607,31.6439283891484,31.5191005743615,33.8891645851141
"694","XVI",695059,695459,12.6825670317221,16.8767618075458,22.7637948592611,10.7018414479308
"695","XVI",700003,700403,31.7064175793051,21.0959522594323,17.5106114302008,10.7018414479308
"696","XVI",770677,771077,16.4873371412387,17.9315594205175,12.2574280011406,6.24274084462628
"697","XVI",775364,775764,13.9508237348943,15.8219641945742,7.87977514359037,13.3773018099134
"698","XVI",794532,794932,21.5603639539275,27.424737937262,19.2616725732209,24.0791432578442
"699","XVI",812706,813106,20.2921072507553,12.6575713556594,14.0084891441607,13.3773018099134
"700","XVI",822087,822487,26.6333907666163,29.5343331632052,28.0169782883213,27.6464237404878
"701","XVI",829103,829503,25.3651340634441,30.5891307761768,41.1499368609719,32.9973444644532
"702","XVI",840431,840831,19.0238505475831,26.3699403242904,23.6393254307711,17.8364024132179
"703","XVI",856850,857250,15.2190804380665,27.424737937262,8.75530571510041,15.1609420512352
"704","XVI",860354,860754,7.60954021903323,18.9863570334891,16.6350808586908,31.2137042231314
"705","XVI",901547,901947,8.87779692220544,12.6575713556594,24.5148560022811,16.944582292557
"706","XVI",921128,921528,5.07302681268882,6.32878567782969,16.6350808586908,14.2691219305743
"707","XVI",927909,928309,27.9016474697885,28.4795355502336,26.2659171453012,12.4854816892526
"708","XVI",942442,942842,30.4381608761329,22.1507498724039,14.8840197156707,13.3773018099134
